index,songName,songID,danceability,energy,key,loudness,mode,speechiness,acousticness,instrumentalness,liveness,valence,tempo,artist
0,Tabahi,3BApUOeS8cihFTyoMKQTVk,0.719,0.861,6,-4.042,0,0.0369,0.0881,0.00109,0.126,0.814,120.035,Badshah
1,Chamkeela Chehra,7Kj2LjwzJFygTn24TFulwK,0.696,0.854,0,-5.123,0,0.0318,0.268,0,0.219,0.921,129.97,Badshah
2,Hosh,6E8A7WWZ0lEqNtfFW6RmNP,0.647,0.856,7,-4.744,0,0.0519,0.201,1.27E-06,0.129,0.291,133.027,Badshah
3,Jugnu,2NTVtNcpC0i1R7LVGaCZCF,0.716,0.803,10,-5.14,0,0.0445,0.03,0,0.0817,0.325,124.961,Badshah
4,Slow Slow,5ssh31dQbgr1YDBpsbFBiR,0.772,0.69,7,-5.182,1,0.0969,0.119,3.18E-05,0.0432,0.416,103.098,Badshah
5,Bad Boy X Bad Girl (feat. Nikhita Gandhi),6LvHrLiW1z8PS7MIAiufKg,0.896,0.764,0,-4.271,1,0.0767,0.174,2.36E-05,0.0677,0.601,100.516,Badshah
6,Bachpan Ka Pyaar,2xDWjvgSwIfyrCNMU0aFzM,0.607,0.52,7,-10.84,0,0.31,0.123,0,0.119,0.919,180.107,Badshah
7,Mercy - MTV Unwind,65TtQRiSe2WQj4lnUJe7dO,0.766,0.449,4,-14.989,0,0.163,0.0049,0.000634,0.117,0.576,89.966,Badshah
8,Baawla,55STs3JmcOC8CgzK4cTxRt,0.865,0.455,6,-8.18,0,0.226,0.611,3.42E-05,0.0823,0.558,95.941,Badshah
9,Paani Paani,47Rqh5ZSamtIOFi7G6VgFJ,0.886,0.579,0,-7.231,1,0.209,0.236,4.23E-06,0.0586,0.427,105.028,Badshah
10,Fly,0azu1iq1xbk7V7kWJLIxJc,0.7,0.338,7,-8.258,1,0.251,0.447,3.95E-06,0.0732,0.513,172.031,Badshah
11,Top Tucker,3ibDXkPA4Ijz24UxbFcNMi,0.802,0.537,5,-8.55,0,0.267,0.566,1.03E-05,0.0822,0.728,140.055,Uchana Amit
12,Sawan Mein Lag Gayi Aag,6oloWgrErtc8dG2WiV55gn,0.792,0.813,0,-3.687,1,0.0513,0.388,2.29E-05,0.0541,0.868,130.058,Mika Singh
13,The Power Of Dreams (feat. Lisa Mishra),6sGQxAEBoCnZ2Y8S6jdZ0L,0.824,0.62,3,-5.926,0,0.114,0.433,1.10E-06,0.143,0.564,86.982,Badshah
14,"Sajna, Say Yes To The Dress",3YV4Go0hpYXjGTGLJXjfda,0.633,0.776,9,-3.839,0,0.173,0.296,0,0.225,0.889,107.636,Badshah
15,Shuru,2QeREVN4lz3xWTM34h7Lom,0.822,0.664,0,-8.695,1,0.0745,0.949,0.00867,0.0953,0.366,113.981,Badshah
16,Bach Ke Rehna (Red Notice),7fCbbPG8ClYyzKWy53N2jJ,0.526,0.874,1,-4.226,1,0.138,0.0452,1.08E-06,0.426,0.656,134.918,Badshah
17,Genda Phool (feat. Payal Dev),0gzu5mm36VJH2Zqu8sQPTf,0.955,0.538,1,-8.394,1,0.0734,0.132,0.00146,0.0704,0.837,116.977,Badshah
18,Paagal,4gyPGtExOjj1rsByKW33LR,0.687,0.854,11,-5.368,0,0.308,0.0619,0.000645,0.147,0.721,214.016,Badshah
19,BKL,1VwkuD6d7nivDeDnvxJp8z,0.935,0.612,0,-7.385,1,0.178,0.222,2.74E-05,0.279,0.368,105.018,Badshah
20,Boht Tej,0TaL0jvsvRwm17IcGNZkpe,0.928,0.757,0,-6.729,1,0.158,0.0353,0.00158,0.176,0.533,99.991,Badshah
21,"Hot Launde (feat. Fotty Seven, Bali)",0rTiCmWHEamtV6uAXDxbDh,0.727,0.465,9,-9.107,1,0.27,0.0977,1.91E-06,0.26,0.402,179.956,Badshah
22,Kamaal,1q7W78ZYL9iqyYeVONU2hg,0.847,0.552,2,-12.189,1,0.26,0.199,1.68E-06,0.142,0.748,99.997,Badshah
23,"Garmi (From ""Street Dancer 3D"") (feat. Varun Dhawan)",6q9XTgfWilsnyiFofvYrIF,0.788,0.87,9,-5.217,1,0.177,0.123,1.43E-05,0.0692,0.884,109.974,Badshah
24,Clout,6jkcCF2jK96DZXdRxw3LQn,0.748,0.589,4,-8.029,0,0.272,0.0407,0.0002,0.121,0.436,172.322,Badshah
25,Proper Patola,39ujbBjTwwqUFySaCYDMMT,0.77,0.824,1,-6.491,0,0.0851,0.485,0,0.318,0.49,172.006,Badshah
26,Focus,0RtlA345yY0DSWO0VWya0x,0.874,0.471,4,-12.315,0,0.189,0.634,8.56E-05,0.117,0.557,99.978,Badshah
27,"Don't Be Shy Again (From ""Bala"")",2TbCdbFzs2xO2nzasn0Qvw,0.798,0.905,5,-3.731,0,0.0581,0.0979,4.22E-06,0.307,0.905,105.005,Sachin-Jigar
28,Chandigarh Mein,3Eb4VbsbXMpS5Mk9HWTDia,0.809,0.873,6,-2.455,0,0.0556,0.00612,9.07E-06,0.0732,0.34,100.013,Badshah
29,Aithe Rakh (feat. Sikander Kahlon),1fdRAayBI5DFRtwah8TckA,0.725,0.719,0,-7.408,0,0.0684,0.127,0,0.142,0.582,129.997,Badshah
30,Aaj Raat Ka Scene,0iq1fntXZH5ho3dsquJaaW,0.798,0.935,2,-4.002,1,0.0468,0.0537,1.14E-05,0.0843,0.766,130.053,Badshah
31,Tareefan,5QyOjKJhR1iyF0DHQM2IvW,0.829,0.654,5,-6.26,0,0.0685,0.0942,5.01E-06,0.2,0.335,98.012,QARAN
32,Ghar Se Door,73FmcjW0GkwsZiFv6DGgAw,0.815,0.456,7,-11.463,1,0.109,0.73,0,0.0721,0.417,157.905,Badshah
33,She Move It Like,39vrbjCMTRXEdiIr2IsBgd,0.832,0.477,0,-6.949,1,0.0481,0.00725,6.47E-05,0.205,0.844,101.997,Badshah
34,Valentine's Mashup 2019,1MhHomaXgrPMBroXkpWSSa,0.595,0.61,7,-6.887,0,0.0499,0.332,2.14E-06,0.0628,0.314,97.974,Amrita Singh
35,The Humma Song,7heMX7gyHP0mhTlNgd7Lxd,0.721,0.65,0,-6.95,0,0.135,0.0115,0.00014,0.34,0.392,130.487,A.R. Rahman
36,"Koka (From ""Khandaani Shafakhana"")",4H2wyTfSobQHsVnt2JYPMf,0.873,0.963,7,-1.376,1,0.104,0.172,0.000176,0.0233,0.906,94.004,Jasbir Jassi
37,"Akh Lad Jaave (From ""Loveyatri"")",554Jv8PaaIVAwOOpoJ4YCm,0.867,0.705,10,-3.893,0,0.0522,0.00452,0,0.0868,0.285,94.985,Badshah
38,"Sheher Ki Ladki (From ""Khandaani Shafakhana"")",24d3IPklAxzBJB2nuWeSpg,0.85,0.984,9,-0.649,1,0.166,0.0872,0,0.0535,0.814,100.028,Badshah
39,"Bad Boy (From ""Saaho"")",5I3Xih0C2ID3fqngBrBbGv,0.892,0.848,8,-4.818,1,0.183,0.242,0.013,0.0992,0.523,105.013,Badshah
40,Zero Hour Mashup 2015(Remix By Dj Kiran Kamath),59nB7okW0qhj6924cjimOH,0.803,0.931,1,-2.471,0,0.0554,0.0159,3.07E-05,0.318,0.756,130.041,Amaal Mallik
41,Kala Chashma,5CSEaABQkS1hoLza0IpK2r,0.801,0.856,0,-4.233,1,0.065,0.0984,6.62E-05,0.228,0.919,106.026,Amar Arshi
42,Punjabi Mashup,79blZUG11a6vtTL3Nt9J78,0.418,0.931,2,-4.584,1,0.174,0.0028,7.71E-05,0.332,0.707,129.994,Arjun
43,Mercy,6CuJUdvZuGAGxCbN3dq81s,0.836,0.767,4,-5.179,0,0.0885,0.0732,0.00018,0.174,0.791,89.956,Badshah
44,Kar Gayi Chull,3fPgIknlkDWXs1l2noKZbp,0.827,0.737,11,-5.473,0,0.0764,0.0316,0.000322,0.211,0.873,121.99,Badshah
45,"Tere Naal Nachna (From ""Nawabzaade"")",5DIt4eq2D6CZjX1s5jwrnP,0.912,0.677,0,-4.212,1,0.0713,0.193,0,0.0939,0.94,115.061,Badshah
46,The Breakup Song,5FihcmME7NlwW8KbYOaHVH,0.818,0.93,11,-2.982,1,0.247,0.33,0,0.658,0.831,113.988,Pritam
47,Abhi Toh Party Shuru Hui Hai,0rUN8ascPVT9iiLzC5ocPw,0.806,0.815,3,-5.373,0,0.0599,0.0081,2.35E-05,0.586,0.678,129.999,Badshah
48,Let's Nacho,67ZZqOrQH4Bshguxw9GPkh,0.742,0.947,0,-3.749,1,0.0321,0.0906,0.0221,0.0721,0.88,130.043,Nucleya
49,Interstellar,7bfMfucmuldeoECMYAciR1,0.647,0.633,2,-7.726,1,0.117,0.0779,0.000125,0.127,0.535,171.939,Badshah
50,Dj Waley Babu (feat. Aastha Gill),2SRv30X7NoYRZB62dX0UzH,0.959,0.606,1,-5.754,1,0.219,0.345,0,0.126,0.783,110,Badshah
51,"Sab Sahi Hai Bro - Inspired by ""Aladdin""",4WZizdGrBVSZCES0q2XDwu,0.943,0.465,6,-6.091,0,0.0952,0.588,0,0.191,0.768,105.95,Badshah
52,Bamb,0bP7s2z7TF7ZUHpq1lHNJ6,0.757,0.833,1,-5.056,0,0.05,0.0513,0,0.131,0.647,95.971,Sukh-E Muzical Doctorz
53,"52 Non Stop Dilbar Dilbar Remix(Remix By Kedrock,Sd Style)",1FSYDJAlyHAabWhiGgYfDq,0.521,0.837,7,-4.501,1,0.0794,0.0593,1.28E-05,0.157,0.48,106.001,Arya Acharya
54,"Tip Tip - From ""Lockdown""",69iaaF0VAWOciXqJ2wfe54,0.692,0.685,10,-8.251,0,0.0463,0.545,0.0796,0.0962,0.429,103.946,Badshah
55,Tamma Tamma Again,5sqPE9h98DkO5ms20NUiUg,0.724,0.848,2,-4.724,1,0.0522,0.0787,9.16E-05,0.104,0.781,123.02,Bappi Lahiri
56,"Munna Badnaam Hua (From ""Dabangg 3"")",0sS9XWjcZ0FgB3QkDiVwyT,0.747,0.922,11,-3.694,0,0.111,0.0992,1.56E-05,0.305,0.86,128.879,Badshah
57,Bhare Bazaar,4j779sUc98SGgsEP4bl1N5,0.855,0.849,11,-4.472,1,0.0549,0.276,0,0.0302,0.699,126.028,Rishi Rich
58,"Jacketan Lightan Waliyan - From ""Do Dooni Panj""",4pnMVajPrtK0848LpBigHS,0.851,0.664,2,-6.935,1,0.177,0.324,0,0.466,0.433,93.092,Amrit Maan
59,"Bolo Har Har Har (feat. Mohit Chauhan, Sukhwinder Singh, Badshah, Megha Sriram Dalton, Anugrah, Sandeep Shrivastava)",7rMqbvNImA6wy8lxlNUMmj,0.598,0.813,9,-6.107,1,0.066,0.278,0,0.109,0.311,140.101,Mithoon
60,Move Your Lakk,3aYMKdSitJeHUCZO8Wt6fw,0.764,0.816,2,-5.595,1,0.148,0.0379,0.000153,0.123,0.744,99.992,Diljit Dosanjh
61,Nain (feat. Aastha Gill),2R0rO83dIjakuYnGIuIMaK,0.756,0.682,6,-9.954,0,0.0976,0.0642,0.00275,0.0813,0.891,105.053,Badshah
62,Heartless (feat. Aastha Gill),5GoZcfJqSpkNLgKQqbkUxL,0.543,0.455,4,-11.914,0,0.101,0.276,0,0.0948,0.659,172.084,Badshah
63,"Kapoor & Sons Mashup (By DJ Chetas) (From ""Kapoor & Sons (Since 1921)"")",6KOI9Op0fdvmPBG4RMemZc,0.654,0.951,5,-4.062,0,0.107,0.0308,0.00011,0.427,0.521,130.094,Nucleya
64,BomBae,7BGzlL4gGNqlevuJXMTKxJ,0.852,0.929,3,-2.658,0,0.113,0.0614,4.93E-06,0.563,0.636,110.679,Fuse ODG
65,Aaluma Doluma,1Do2hDE0etMakAEQbyOd4L,0.544,0.917,1,-5.853,1,0.201,0.0764,1.15E-06,0.346,0.638,160.672,Anirudh Ravichander
66,Baby Ko Bass Pasand Hai,7fllsOe1cV2pTBzdbkgrX7,0.861,0.75,8,-6.657,1,0.0797,0.034,3.65E-05,0.0381,0.832,116.984,Vishal-Shekhar
67,Dill Ton Blacck,1LGHTr8ujJJPWSQpiRxPPu,0.809,0.921,2,-1.496,0,0.097,0.154,0,0.46,0.574,99.974,Jassie Gill
68,High Heels Te Nachche 52 Non Stop,0ua2NHOS1uyDl68aIoHtBk,0.496,0.903,7,-3.282,1,0.0622,0.0304,0.000377,0.521,0.432,129.985,Arya Acharya
69,Aao Kabhi Haveli Pe,0sUAJpnEbHak1FDXATrt2p,0.971,0.785,5,-5.117,0,0.058,0.211,5.06E-05,0.0492,0.913,114.014,Badshah
70,Aise Na Dekh Mujhe,5IJM4mXrz77UItcvVfq7CM,0.831,0.773,0,-3.657,1,0.207,0.0826,0,0.146,0.78,94.026,Badshah
71,Grandfather,5IQIedZjPq8IA1dGAbxQYe,0.836,0.56,8,-6.849,1,0.046,0.367,0,0.0556,0.666,96.045,Badshah
72,Har Ghoont Mein Swag,5N8rlaknKdZKyXCZKl3rQK,0.892,0.738,6,-4.712,1,0.101,0.153,0,0.0357,0.691,106.996,Badshah
73,Bala Mashup,7xtpi7BLui4x043XWIbASb,0.747,0.895,5,-4.756,0,0.0366,0.073,0.00211,0.0879,0.923,106.019,Sachin-Jigar
74,"Loveyatri Mashup(Remix By Lijo George,Dj Chetas)",14jSfsXObzCumwn8wX9amf,0.439,0.927,10,-4.888,1,0.304,0.114,0,0.149,0.495,135.8,Asees Kaur
75,Aashiq Awaara (feat. Sunidhi Chauhan),1OQT3ZhZoyyANmi78FOYzR,0.904,0.624,0,-6.426,0,0.0845,0.315,2.99E-05,0.0935,0.963,99.971,Badshah
76,Ajab Si,5FXMRdJjKq1BIX4e8Eg9mK,0.697,0.438,8,-8.411,1,0.0289,0.397,0,0.293,0.58,117.954,KK
77,Dil Kyun Yeh Mera,5nHwX7e5XHnie22nuTFgda,0.486,0.382,6,-6.183,1,0.0286,0.613,8.56E-05,0.149,0.164,125.918,KK
78,Khuda Jaane,0gPgdRfB4jdGrlyXS0Vx78,0.382,0.632,8,-6.393,1,0.0411,0.391,0.000486,0.0922,0.716,78.936,Vishal-Shekhar
79,Zara Sa,18YHbIhrleUkKKj2DvEp79,0.468,0.91,11,-3.057,0,0.051,0.12,0.000304,0.271,0.694,163.842,Pritam
80,Kya Mujhe Pyaar Hai,3HFjh7QljnUCBLsoTwMuTj,0.644,0.818,6,-5.924,0,0.0549,0.431,2.62E-05,0.0806,0.789,118.477,Pritam
81,Beete Lamhein,0zQa7QXLpUZfrrsWbgDZll,0.257,0.583,7,-8.185,1,0.0429,0.603,0.000289,0.146,0.217,160.127,KK
82,Dil Ibaadat,3Kl8p2PxVf8eAayLwTxOIm,0.59,0.859,2,-5.005,0,0.0416,0.633,0,0.286,0.634,149.966,Pritam
83,Zindagi Do Pal Ki,3s6H6UW7yPu2rsF8CGki60,0.678,0.771,6,-2.849,1,0.0266,0.0277,0.00253,0.149,0.462,105.976,KK
84,Tu Hi Meri Shab Hai,4IGfpRPTnhzZyL74Ilubrb,0.568,0.726,9,-6.087,0,0.0366,0.491,0.000764,0.122,0.564,118.842,KK
85,Such Keh Raha Hai,0ypgFw67lNEpoKFUxUV0tG,0.797,0.306,11,-14.176,0,0.0487,0.337,0,0.169,0.519,124.003,KK
86,It's the Time to Disco,3hCUkos0NxuSFl73oOHJzb,0.902,0.772,6,-8.29,0,0.0383,0.0452,0.000129,0.12,0.808,131.992,Shankar-Ehsaan-Loy
87,Tu Jo Mila,7txLCGOXyDlDXTjtR1Sk4v,0.576,0.591,0,-7.725,1,0.0332,0.795,6.85E-05,0.266,0.478,124.013,Pritam
88,Saanson Ke,5dhOBsAhOuhfsSRxtcXITh,0.472,0.573,0,-6.162,1,0.0295,0.81,3.11E-05,0.103,0.119,105.027,KK
89,Make Some Noise For The Desi Boyz,71s7tZo8OGlN3VXyURWLUr,0.692,0.954,2,-3.93,0,0.0915,0.0188,0,0.151,0.89,141.98,Pritam
90,Yaaron,0zFG3RWjka7dNRIRTWnXMN,0.64,0.498,5,-8.241,1,0.0289,0.733,7.33E-06,0.136,0.207,113.895,KK
91,Feel My Love,4EjO3ELtQkbOBox5adad6a,0.746,0.697,7,-7.693,0,0.0422,0.0144,0.000746,0.167,0.542,99.974,KK
92,My Heart,3ppaMjhBDxRi2kTpawOSJn,0.842,0.93,9,-8.328,0,0.0949,0.209,1.42E-05,0.104,0.77,130,KK
93,I Am In Love,3FS3ItpUATpALLi90uvkde,0.702,0.694,2,-5.74,1,0.0286,0.685,5.96E-05,0.168,0.76,130.024,Pritam
94,Dilnashin Dilnashin,6C5CjR1BTqfO5gc0YNcCrP,0.735,0.938,1,-7.142,1,0.0571,0.00942,7.91E-05,0.057,0.792,110.999,KK
95,Kaise Mein Kahun Tujhse,2Cu77Qj7Hte67jMtoEfxZK,0.613,0.108,9,-15.73,0,0.0289,0.573,0,0.0565,0.779,85.941,KK
96,Sach Keh Raha Hai - LoFi Flip,3ftVnkTGV4APsXEPiuB2sa,0.65,0.479,2,-4.431,1,0.0281,0.622,0.00298,0.135,0.173,113.99,KK
97,Kya Mujhe Pyar Hai (Lofi),1fBCsyUzo8XJywqCauGrwU,0.643,0.277,9,-15.861,1,0.0249,0.864,0.0292,0.144,0.387,95.003,DJ Glory
98,Abhi Abhi,1tKhy83q8OsdcpZaX9N4Z2,0.566,0.634,2,-5.551,1,0.0443,0.145,0.000716,0.0814,0.36,143.89,KK
99,Pyaar Ke Pal,6GWchpKWsKkwR6jcl0yG6V,0.599,0.135,4,-12.376,1,0.0308,0.845,2.43E-05,0.11,0.168,122.107,KK
100,Tujhe Sochta Hoon,47l2Dd3XPBLio3kjbEMyDJ,0.579,0.712,0,-6.119,0,0.0308,0.259,0.000253,0.18,0.486,80.998,Pritam
101,Jaane Ye Kya Hua,2KCFt4viygNYbV9uMlmkXQ,0.604,0.347,7,-8.023,1,0.0245,0.737,2.14E-05,0.118,0.271,100.96,KK
102,Haan Tu Hain,4vgCpNUUcpEIBifidhQOnR,0.415,0.904,2,-3.586,0,0.104,0.718,0,0.0739,0.729,83.648,Pritam
103,Maine Dil Se Kaha,0dZjWF8uklfNUHiPS2vC6E,0.6,0.5,0,-9.115,1,0.0252,0.389,3.97E-05,0.0907,0.257,110.015,KK
104,Dil Aaj Kal,40JXowDwcXJ3C7Xbcaimo3,0.568,0.592,8,-5.427,0,0.0447,0.393,2.21E-05,0.0965,0.327,173.841,KK
105,Labon Ko,5WncH5iZ5GFlnXm7jKEXVP,0.63,0.837,9,-4.635,0,0.0387,0.329,0.00271,0.159,0.473,107.997,Pritam
106,Meri Maa,4gzNmOoLoDxZABu1W8FOrc,0.502,0.612,2,-4.787,1,0.0269,0.204,1.46E-06,0.117,0.419,82.021,Pritam
107,Rafta Rafta,2tkj1EXX7p9sWmoycuiS8Q,0.766,0.663,2,-6.422,0,0.0304,0.265,0,0.132,0.643,114.968,KK
108,Party On My Mind,5Rn1DPzSzUktbhuNDDJocS,0.715,0.864,11,-5.013,0,0.0751,0.0188,0,0.719,0.57,122.016,KK
109,O Humdum Suniyo Re,0KdDgQgvvh7tYM3jj3n78l,0.814,0.477,7,-12.855,1,0.0466,0.00722,0.00961,0.0404,0.964,109.982,A.R. Rahman
110,Sajde,4N66qcycDiFLJGjnXiKbKX,0.693,0.638,11,-6.715,1,0.0498,0.354,3.32E-06,0.0972,0.747,90.005,Pritam
111,Piya Aaye Na,1ELMyeJLDHUz3cK3XTWgEi,0.5,0.588,4,-7.66,0,0.0362,0.641,4.52E-05,0.327,0.35,81.973,Tulsi Kumar
112,Dus Bahane,1vBmaijoCBoqmwc3zs5n3s,0.833,0.917,7,-5.498,1,0.0597,0.175,1.92E-06,0.109,0.874,110.001,Shaan
113,Nee Kosame,2kTDVnaGALMMFF1T1K2jPE,0.459,0.865,11,-3.522,0,0.0657,0.268,0,0.787,0.438,144.819,KK
114,Mat Aazma Re,0mh4VutnDyBn1sqcp05MZD,0.467,0.859,0,-2.946,0,0.0409,0.661,0,0.0522,0.673,89.842,Pritam
115,Tu Aashiqui Hai - Lofi Remix,5uAemyrB5WX0lBoGIvCizQ,0.569,0.549,9,-10.103,1,0.0288,0.275,0.124,0.231,0.225,110.029,DJ Akhil Talreja
116,Ab To Forever,3gLf7ctpqnklhoQfeveBw0,0.836,0.915,6,-5.745,0,0.0445,0.201,0.00113,0.0389,0.792,109.03,Vishal-Shekhar
117,Touch Me,6Niy4LfcTcvJJkzfLz5W1B,0.788,0.86,6,-5.988,0,0.048,0.264,0.000321,0.0687,0.853,104.982,Pritam
118,Uppenantha,57zEYntUat0ofbFpoicN26,0.677,0.792,9,-2.612,0,0.133,0.185,2.49E-05,0.28,0.849,171.956,Devi Sri Prasad
119,Waiting For You,42XgH6kQAvTOiKODWMuD9p,0.78,0.439,3,-7.729,0,0.0331,0.547,0.00456,0.146,0.369,120.023,KK
120,Kal Ki Hi Baat Hai,1nl7j1l4X0OHg9L4YytAa6,0.562,0.368,1,-9.198,1,0.027,0.973,0.000164,0.105,0.25,107.914,Pritam
121,Zero Hour Mashup 2015(Remix By Dj Kiran Kamath),59nB7okW0qhj6924cjimOH,0.803,0.931,1,-2.471,0,0.0554,0.0159,3.07E-05,0.318,0.756,130.041,Amaal Mallik
122,Manasanta Mukkalu Chesi,6cSebKKs6pJKrgVuBI1WqQ,0.822,0.735,2,-6.737,0,0.0496,0.272,0.00136,0.136,0.667,107.986,KK
123,Uyirin Uyire,7LuYc1yBvfvvLC1O7Ng4v4,0.689,0.805,4,-8.496,0,0.058,0.485,1.46E-06,0.142,0.834,135.528,KK
124,Jeetne Ke Liye,7BZ0XtLc5Nuj9CnKUj8wlE,0.387,0.695,4,-4.072,0,0.0327,0.118,0,0.137,0.212,130.189,KK
125,Hai Junoon,5u4q3iqZ9IMbXaR7bsGYbW,0.739,0.664,2,-10.582,1,0.0338,0.539,1.14E-06,0.0856,0.878,106.021,Pritam
126,O Humdum Suniyo Re,0KdDgQgvvh7tYM3jj3n78l,0.814,0.477,7,-12.855,1,0.0466,0.00722,0.00961,0.0404,0.964,109.982,A.R. Rahman
127,It's the Time to Disco,3hCUkos0NxuSFl73oOHJzb,0.902,0.772,6,-8.29,0,0.0383,0.0452,0.000129,0.12,0.808,131.992,Shankar-Ehsaan-Loy
128,Tanha Dil,4kO9vFarqUPNwlgFnVNgVh,0.621,0.704,7,-5.293,0,0.0236,0.101,0,0.185,0.366,99.942,Shaan
129,Chand Sifarish,5EYZZvmNAH5VZCwuzYJqoA,0.829,0.665,2,-8.128,1,0.0868,0.242,1.75E-05,0.123,0.861,122.043,Jatin-Lalit
130,Woh Ladki Hai Kahan,2tO0QPdCA0jgDBshTuYYkc,0.786,0.677,8,-8.624,1,0.183,0.172,0.000104,0.0446,0.858,94.985,Shaan
131,Dastaan - E - Om Shanti Om,4IPzzBnFrGrlijBWY0JDYB,0.552,0.598,9,-6.052,0,0.0362,0.479,0,0.0806,0.354,135.951,Shaan
132,Aaj Unse Milna Hai,1mO3ptpbb0XzTNIhp8CJ3D,0.71,0.618,7,-5.994,0,0.103,0.373,0,0.273,0.504,81.053,Shaan
133,Tum Ho Toh Lagta Hain,3YhtsAdG71cBdaSoMb4JE7,0.401,0.582,7,-6.267,0,0.0293,0.666,1.92E-06,0.198,0.155,138.025,Shaan
134,My Dil Goes Mmmm,3Uv8BQFN3bQfhkregyMbnx,0.693,0.797,6,-7.392,0,0.0704,0.343,0.00125,0.0673,0.706,90.997,Vishal-Shekhar
135,Deewangi Deewangi,7emLx4rVwr0tPyjktu7A7U,0.725,0.918,9,-4.875,1,0.0447,0.0289,5.13E-06,0.602,0.927,107.975,Shaan
136,Aao Milo Chalo,6ocOeSjnWPcSTaSsi0zIdY,0.504,0.787,7,-5.948,0,0.0605,0.412,0,0.323,0.49,114.772,Pritam
137,Main Hoon Don,3FrzIfTz8mMS8Xowzu3ZUj,0.651,0.687,9,-8.674,1,0.0445,0.0167,1.86E-05,0.0809,0.186,120.015,Shaan
138,"Chain Aap Ko (From ""Hungama"")",0mftTi05eeOQnZ178jZruN,0.648,0.535,10,-10.505,1,0.0561,0.365,0,0.0779,0.665,111.974,Shaan
139,You're My Love,6D2ZnEZ92wUFTr38YXTCL5,0.746,0.916,5,-5.042,1,0.0466,0.0393,0.000212,0.12,0.941,109.009,Shaan
140,Where's the Party Tonight,6ECucSdJeJmSm3k1k3Vumv,0.764,0.863,2,-5.414,0,0.0416,0.00269,0,0.27,0.92,132.021,Shankar-Ehsaan-Loy
141,Chup Chup Ke,5Sif2EoFy6jvZ31s0wsB6Y,0.691,0.738,9,-5.922,1,0.0865,0.711,0,0.397,0.871,90.033,Pritam
142,Maina Maina,37kYA4LunnTjFsZsEgJTme,0.759,0.721,7,-4.41,1,0.0516,0.152,0,0.194,0.811,145.062,Shaan
143,Ladki Kyon,0U9a0NZ8UQpnix2lBElFAx,0.76,0.83,6,-6.868,0,0.28,0.639,0,0.109,0.907,93.401,Jatin-Lalit
144,Hey Shona,2H9SvhMVXSYPxxkQgzkTKp,0.657,0.601,6,-8.668,0,0.0374,0.125,0.0252,0.0885,0.89,75.004,Vishal-Shekhar
145,Kuch To Hua Hai,0Kd2IhGYGYrOATgOOnDBzI,0.674,0.661,7,-7.973,1,0.0618,0.128,2.03E-05,0.283,0.458,95.967,Shankar-Ehsaan-Loy
146,Tanha Dil Tanha Safar,2ZIjYzXedzuYZT9PgfcaRu,0.493,0.415,0,-10.445,1,0.0429,0.548,1.76E-06,0.104,0.455,173.915,Shaan
147,Dus Bahane,1vBmaijoCBoqmwc3zs5n3s,0.833,0.917,7,-5.498,1,0.0597,0.175,1.92E-06,0.109,0.874,110.001,Shaan
148,Koi Kahe Kehta Rahe,5zKRKQwLVBT1WDJE7XJrnm,0.749,0.734,1,-7.058,1,0.0594,0.00166,6.48E-06,0.108,0.652,131.975,Shankar Mahadevan
149,Cheliya Cheliya,3q7HtMwfN4rkEh98Or0Wsf,0.859,0.793,10,-8.274,0,0.159,0.0768,0,0.0677,0.422,102.968,Shaan
150,Jaadu Hai Nasha,1RprEDRSTkQN3UhSiQ0D5t,0.706,0.395,0,-16.042,0,0.0514,0.18,1.30E-05,0.0662,0.378,95.009,Shreya Ghoshal
151,Karpur Gauram (Shiva Yajur Mantra),6aAv2l88pjm2taEKLbBNVY,0.573,0.552,3,-9.775,1,0.0283,0.768,2.11E-05,0.0765,0.413,131.999,Shaan
152,Tune Mujhe Pehchana Nahin,0FDZoZFwx3rirbf2f5Hf65,0.595,0.44,9,-9.075,0,0.0308,0.744,8.03E-06,0.167,0.367,99.93,Jatin-Lalit
153,Bum Bum Bole,5Dq7d6Y2K2CRNFm1bC3I7A,0.818,0.768,5,-7.057,1,0.231,0.135,0,0.68,0.445,120.972,Shaan
154,Murli Ki Taanon Si,40gUlBzJSQdS9lxiJhlz4W,0.602,0.467,7,-8.347,0,0.031,0.104,0.000349,0.137,0.705,116.014,Shaan
155,Gum Sum Ho Kyon?,7i7IZexNaAJzhzDV01dgmD,0.529,0.458,7,-10.306,0,0.0305,0.347,1.41E-06,0.124,0.259,169.879,Shaan
156,Rock N Roll Soniye,0W1eHrIACKah9l0Q9v611q,0.787,0.871,5,-6.193,0,0.142,0.109,0,0.0426,0.831,94.998,Shankar-Ehsaan-Loy
157,Rimjhim E Dharate,2oIYGGGeMXSV0avYNgxfed,0.527,0.785,7,-7.912,1,0.0754,0.291,0,0.33,0.423,171.925,Shaan
158,Chaar Kadam,0bYDMpQ94LnF38FiOlc8K9,0.388,0.532,8,-6.352,1,0.0414,0.456,0,0.167,0.444,179.642,Shaan
159,Pran Bhoriye Trisha Horiye,1sMxrweIG29FJFd40UHtAr,0.589,0.701,9,-2.969,1,0.0254,0.53,1.08E-06,0.114,0.779,93.04,Shaan
160,Dil Leke,4kUvUCtoAdrYROXqof0leG,0.699,0.775,7,-4.988,1,0.0526,0.423,0.000235,0.228,0.51,92.026,Shaan
161,Kuch Naa Kaho,7e5suVOpxQ36oZZXpgkMK2,0.717,0.524,2,-10.636,1,0.0377,0.304,1.89E-05,0.0499,0.55,94.998,Shaan
162,Apna Har Din,5TgUA7EeMusDPjtnN26GuM,0.778,0.861,8,-4.809,1,0.0838,0.08,1.15E-06,0.101,0.506,103.988,Pritam
163,Aami Tomar Songe Bendhechhi,5erh9j6o7dOzSDxLnBirqK,0.585,0.499,11,-2.078,1,0.0256,0.525,0,0.318,0.521,151.878,Shaan
164,Bhool Ja,7pCE1BHlNVbvIuqUEOGAj5,0.696,0.888,0,-2.285,0,0.0336,0.0592,0.000185,0.131,0.676,120.976,Shaan
165,"Thats All I Really Wanna Do (From ""Teri Meri Kahaani"")",2q9MWwxSZHVS8c750Vrara,0.587,0.813,7,-3.458,1,0.0621,0.291,6.99E-05,0.0931,0.747,170.012,Shaan
166,Insha Allah,3dWVSsAS2Wosh8R2CMLvKq,0.692,0.87,1,-6.322,0,0.0553,0.0239,0.00281,0.106,0.82,133.032,Shaan
167,"Sei Bhalo, Sei Bhalo",6MZnNLaj8ICZBbj7gKsep5,0.435,0.544,10,-3.384,1,0.0297,0.702,0,0.185,0.597,183.912,Shaan
168,Bhalobashi Bhalobashi,3dT6Jd9P3PYADP28u3tlXg,0.613,0.202,2,-9.937,1,0.0289,0.806,1.97E-05,0.105,0.376,136.033,Shaan
169,Majboor Ho Gaye,4iAmBx8JludQP0JX0uRZ8C,0.642,0.489,11,-8.993,0,0.0349,0.462,2.26E-06,0.126,0.362,114.989,Shaan
170,Bolo Bolo,1w5Bzr75tQNwBmw3ASTHW2,0.794,0.403,4,-15.23,0,0.0644,0.261,0,0.128,0.956,103.003,Shaan
171,Jete Jete Ekla Pothe,4IENq5N6QLuzxfOdNaxBkn,0.562,0.533,6,-5.055,0,0.0247,0.762,0,0.259,0.591,158.115,Shaan
172,Rang Barse,2Ze41JWXwd2xLlXc0oypaT,0.785,0.897,8,-3.457,1,0.206,0.114,0,0.109,0.719,130.071,Shaan
173,Aur Mohabbat Hai,3PD6sSNKy63RC5z03Piie9,0.504,0.571,9,-8.856,0,0.0789,0.0748,2.73E-05,0.045,0.633,78.954,Shaan
174,Bhalobeshe Sakhi Nribhito Jotone,52U5zPk1KSjwzt7OAeFF4t,0.676,0.419,11,-8.992,1,0.0294,0.852,0.0109,0.303,0.589,148.035,Shaan
175,Megh Bolechhe Jabo Jabo,6v0kj1WsccQUtjPoOYZurZ,0.547,0.322,9,-5.942,1,0.0248,0.755,0,0.152,0.411,92.013,Shaan
176,Do U Wanna Partner,3ZkmX9dKgLKUa2r026Xm3Y,0.864,0.724,7,-5.627,1,0.206,0.0305,9.99E-05,0.0372,0.634,103.01,Wajid
177,Vashmalle,3guUvE3jqCp6zhgW9dABvY,0.759,0.747,2,-9.826,1,0.184,0.589,0.00102,0.0861,0.641,128.015,Ajay-Atul
178,Tune Maari Entriyaan,5kg1GacbhgQfLcbgOBRO9c,0.794,0.865,8,-5.333,1,0.215,0.149,1.38E-05,0.0468,0.779,126.658,Sohail Sen
179,"The Naari Naari Song (From ""Made in China"")",0VhKdIMXZ3INkyDoIyPy5l,0.704,0.933,1,-4.165,1,0.043,0.039,0,0.582,0.595,119.984,Sachin-Jigar
180,"Shaitan Ka Saala (From ""Housefull 4"")",7IAJzec1UxGYmNvbPTHbxx,0.844,0.772,7,-4.621,1,0.194,0.284,2.38E-06,0.368,0.336,100.008,Sohail Sen
181,Tu Meri,2E2G88mTTJjbbmEpqTkbaV,0.679,0.687,8,-5.522,1,0.0294,0.0779,0,0.704,0.424,127.961,Vishal Dadlani
182,Balam Pichkari,18e3XXYCv4Tx8uUl1mP3CN,0.732,0.944,0,-4.115,1,0.09,0.209,0,0.401,0.957,120.02,Pritam
183,Oh Penne,1zAkNzJZVPrWDCnowb1vpZ,0.483,0.65,7,-6.752,0,0.0349,0.573,2.97E-05,0.228,0.637,94.988,Anirudh Ravichander
184,Jee Le Zaraa,2r32XiAWtZbT3eLUvf4pag,0.584,0.698,4,-6.61,0,0.0376,0.447,0,0.0699,0.436,79.993,Vishal Dadlani
185,Ik Junoon (Paint It Red),7e6qTHVfRdaYsio90s1fHC,0.79,0.848,2,-7.798,1,0.0508,0.364,0.00147,0.148,0.641,127.034,Vishal Dadlani
186,Desi Girl,3Qpk2qHree1RTH5lZaKnEK,0.746,0.924,8,-6.057,1,0.0442,0.0169,0.00279,0.097,0.807,136.051,Vishal-Shekhar
187,"Kudi Nu Nachne De (From ""Angrezi Medium"")",4YIhJmihoXwjtbY4vsV9Nh,0.834,0.688,9,-7.494,1,0.0653,0.175,0,0.174,0.876,117.949,Vishal Dadlani
188,Jaago Jaago Bakre,4aVsN0F48bL9KuD330V51P,0.948,0.679,1,-5.902,1,0.107,0.077,0.00293,0.102,0.591,110.007,Vishal Dadlani
189,"Dus Bahane 2.0 (From ""Baaghi 3"") (feat. K.K., Shaan, Tulsi Kumar)",0z9lOAVgQT5bysEKZ6Wwbk,0.807,0.914,7,-5.092,1,0.069,0.0411,0.00105,0.292,0.463,114.039,Vishal Dadlani
190,The Jawaani Song,3IzQc4KEAFd8lIc90X7FZr,0.71,0.801,7,-4.845,1,0.0896,0.0728,0,0.0744,0.845,145.102,Vishal-Shekhar
191,"Jai Jai Shivshankar (From ""War"")",6lfSsCL894Qw15xbt7cSUy,0.825,0.904,5,-5.414,0,0.0787,0.257,1.21E-05,0.0715,0.528,129.036,Vishal Dadlani
192,I Feel Good,09sq0BHe85uV2ADUx1gaiA,0.636,0.785,7,-6.876,0,0.0279,0.0262,0.00136,0.297,0.749,125.974,Vishal Dadlani
193,Jab Mila Tu,6Sp7azay1NZU4wxlFacWCl,0.626,0.561,9,-6.644,0,0.0304,0.0482,0,0.304,0.794,167.916,Vishal-Shekhar
194,Radha,6f7zyAEUCZuvX4Zty62Z5o,0.804,0.748,1,-14.163,0,0.0616,0.11,0,0.0998,0.699,131.989,Vishal-Shekhar
195,Ab To Forever,3gLf7ctpqnklhoQfeveBw0,0.836,0.915,6,-5.745,0,0.0445,0.201,0.00113,0.0389,0.792,109.03,Vishal-Shekhar
196,Thug Le,1opxtm6zIv7IF19S0eCtvV,0.768,0.788,1,-5.514,1,0.0687,0.0992,2.94E-05,0.103,0.931,112.988,Salim–Sulaiman
197,Adhoore,298atiKYvG84VfbXNbZiX5,0.799,0.542,0,-7.142,1,0.0308,0.0858,1.50E-06,0.126,0.673,107.993,Vishal Dadlani
198,I Hate Luv Storys,4zUPL2OPTO3hgNhjaA1Rjn,0.747,0.81,11,-8.352,0,0.0541,0.0688,0.0405,0.0592,0.937,130.012,Vishal-Shekhar
199,Gulaabo,5hRXhmEuQW3SJwX94BBV6u,0.767,0.64,11,-6.626,1,0.152,0.096,4.39E-05,0.085,0.751,146.036,Vishal Dadlani
200,Criminal,39bx4zZrPxTjw8VNuvjt6X,0.701,0.966,0,-5.36,1,0.0568,0.063,0.0662,0.0761,0.834,132.015,Akon
201,Vele,31phvnfUfwzi0nf3dO814j,0.833,0.754,2,-7.555,1,0.0513,0.0166,0,0.246,0.65,108.001,Vishal-Shekhar
202,Sheila Ki Jawani,6VbmeIWTbNHM5uqoW7GTE4,0.803,0.859,6,-4.405,0,0.185,0.305,6.18E-05,0.553,0.631,101.007,Sunidhi Chauhan
203,Thoovaanam,0249Wjt2twxjF96oTWgnkr,0.487,0.609,7,-4.888,0,0.0283,0.568,0.000125,0.2,0.502,159.94,D. Imman
204,Sainika,4sVyRAtLeOGiU6z4Q8V91O,0.57,0.851,2,-6.356,1,0.0653,0.168,5.57E-06,0.163,0.501,113.91,Vishal Dadlani
205,Allah Duhai Hai,2TktNdu8PMfhApbWHDFSgZ,0.641,0.75,1,-5.813,1,0.0564,0.235,0,0.18,0.667,113.929,Atif Aslam
206,Brothers Anthem,3uZiNvBNQldjl4OJiKsuxe,0.552,0.668,2,-9.111,1,0.0473,0.421,0.0117,0.159,0.152,95.032,Ajay-Atul
207,Ghagra,5YY8EsBdUYAg1NJQIvgCEj,0.706,0.919,8,-5.21,1,0.174,0.223,0,0.319,0.701,101.94,Pritam
208,Jaane Kyun,6M2UnI1LnXuXlWU54CKmKx,0.778,0.812,4,-8.561,0,0.046,0.0573,8.28E-06,0.243,0.791,99.962,Vishal-Shekhar
209,One Two Three Four (Get On The Dance Floor),3XyFQxpSlGowWpZkIn3ISA,0.721,0.867,6,-5.429,0,0.225,0.0885,0.000119,0.0372,0.87,170.091,Vishal Dadlani
210,Zinda,4FbBLpefHdgl0WQ2vX1e2N,0.606,0.76,4,-7.066,1,0.0743,0.167,0,0.116,0.639,125.049,Vishal Dadlani
211,Jame Raho,0zOiF5Cs58PST28uE7gsGf,0.841,0.536,7,-9.121,1,0.0377,0.00926,0,0.0665,0.659,125.038,Vishal Dadlani
212,Shut Up & Bounce,7JFIDJAi9RoCn0JYavNLRG,0.578,0.857,2,-7.272,1,0.0648,0.00269,0.263,0.141,0.904,121.981,Vishal-Shekhar
213,Zor Lagaake Haishaa,1y9QH9IWOfV7m3IeRzvPhm,0.743,0.698,5,-7.613,1,0.0293,0.0243,7.38E-05,0.108,0.508,137.947,Vishal Dadlani
214,Ud-daa Punjab,7yn0E97MoGLBaW8mqIwqNr,0.909,0.906,1,-3.701,1,0.206,0.09,1.25E-05,0.287,0.625,121.996,Vishal Dadlani
215,Mumbai Dilli Di Kudiyaan,7BIE80fFY0ARACh4HsHXcT,0.777,0.92,6,-3.918,1,0.039,0.0728,0.0101,0.144,0.61,134.029,Vishal-Shekhar
216,Dhoom Again,5IUP91X8fKfJnWQgCHT9dN,0.831,0.932,7,-6.251,1,0.221,0.164,0,0.383,0.571,99.97,Pritam
217,Zaraa Dil Ko Thaam Lo,1qbbe3NDhzji6McfE0semr,0.611,0.646,10,-7.086,1,0.0281,0.0475,0.0152,0.0416,0.527,129.989,Anusha Mani
218,"Har Funn Maula (From ""Koi Jaane Na"")",3ayMReTwLoo6jAg7adDqyz,0.828,0.79,10,-3.021,0,0.0719,0.167,1.00E-05,0.353,0.379,104.016,Tanishk Bagchi
219,Dil Garden Garden Ho Gaya,3yLmDJjYoPTeyGi5eA08S2,0.746,0.848,2,-5.39,1,0.0571,0.0438,1.60E-06,0.235,0.828,133.041,Vishal Dadlani
220,Khuda Haafiz - Title Track,6zNRg7NQqrfcyQmJiaimOV,0.598,0.59,8,-9.245,0,0.0394,0.132,0,0.0818,0.357,105.898,Vishal Dadlani
221,Amdavad Re,2R2Gqq5IqIIgUJPqBwG3hX,0.641,0.854,0,-6.085,0,0.0294,0.0193,0,0.0489,0.636,100.043,Vishal Dadlani
222,Dance Basanti,1NxlktIRgiAPJ8U06v9veI,0.833,0.74,6,-4.513,0,0.129,0.166,2.74E-06,0.363,0.804,103.035,Sachin-Jigar
223,"Aathi (From ""Kaththi"")",1FPhg4xpllC5P8lBDLMmfW,0.571,0.82,3,-5.232,0,0.0607,0.216,0,0.685,0.461,150.037,Anirudh Ravichander
224,Drama Queen,7xxxQG1BupSnOBo4qId9kl,0.705,0.913,7,-6.709,1,0.0788,0.0137,0,0.329,0.955,145.948,Vishal-Shekhar
225,Chokra Jawaan,0hL7tvMKBLW30sige6ctu7,0.558,0.694,1,-9.517,0,0.207,0.472,0,0.101,0.612,129.949,Amit Trivedi
226,Aao Na,1d11xbMYeK2ldGOl5QiV2e,0.524,0.753,3,-6.596,1,0.043,0.0137,0,0.104,0.56,135.947,Vishal Dadlani
227,"Kheench Te Nach (From ""Chandigarh Kare Aashiqui"")",21YjU8Omx5hHdYjTJn3jy6,0.824,0.831,7,-5.887,0,0.0535,0.161,8.20E-05,0.153,0.541,132.075,Sachin-Jigar
228,Jatt Ludhiyane Da,1fL14sJ7Dv1RTMYEnPx9Iw,0.785,0.803,4,-5.596,0,0.0558,0.121,3.34E-06,0.094,0.655,108.051,Vishal-Shekhar
229,Mehendi,672zT7O2KYhgVZTst3lPxf,0.479,0.897,8,-2.881,1,0.0992,0.212,4.22E-05,0.0472,0.753,111.406,Dhvani Bhanushali
230,Swag Se Swagat,2AjGLmuZK1fu21n1IpB9RU,0.825,0.559,1,-7.907,1,0.0722,0.0212,0.000689,0.205,0.207,105.957,Vishal-Shekhar
231,I Love You,3JpCEsowGqogUvTAKA4JuW,0.661,0.662,7,-4.8,0,0.0283,0.773,1.54E-06,0.1,0.546,137.839,Akull
232,Laal Bindi,3gOlVEwSmsrqKt590wbWt3,0.745,0.599,3,-6.428,0,0.0459,0.407,0,0.162,0.283,141.985,Akull
233,Kuch Bhi Ho Jaye,2uzEDXVEAjLhGynxLu1dd9,0.492,0.589,6,-2.837,0,0.0398,0.466,0,0.0628,0.287,80.086,B Praak
234,Chidiya,7mNZUnDWUDidWBFaUpVtOC,0.486,0.494,6,-8.56,1,0.0324,0.715,0,0.109,0.414,179.975,Vilen
235,Taaron Ke Shehar,1r6sFC5J0p9r3jcfIoSGDM,0.441,0.61,9,-5.182,0,0.0404,0.238,0,0.101,0.348,79.736,Neha Kakkar
236,"Care Ni Karda (From ""Chhalaang"")",6e5DH8YHXdM40ROnD76hZd,0.937,0.729,0,-2.931,1,0.094,0.129,0,0.291,0.736,114.671,Sweetaj Brar
237,Saudebazi (Encore),1tPPINau3vBP8Q89JTn0ER,0.69,0.73,5,-6.587,1,0.0307,0.121,0,0.346,0.779,113.967,Javed Ali
238,I’Ll Be Waiting (Kabhi Jo Baadal),1T61XNwkeaBkKji55y22xb,0.508,0.862,0,-2.935,0,0.069,0.27,0,0.248,0.593,149.945,Arjun
239,Teri Aankhon Mein,3wmI2n0Whs6kg4MT8jFRU1,0.517,0.623,4,-6.812,1,0.0884,0.419,0,0.146,0.456,160.085,Darshan Raval
240,Yaad Piya Ki Aane Lagi,0TkquWzzuxcrwbCWlTrKYF,0.858,0.833,5,-3.747,0,0.0471,0.375,0,0.112,0.693,107.977,Neha Kakkar
241,"Hasina Pagal Deewani (From ""Indoo Ki Jawani"")",5DXdMe87gdsoN4MSqWRcnt,0.779,0.905,8,-3.391,1,0.0555,0.0205,0.000706,0.342,0.924,129.938,Mika Singh
242,Ride It (Kya Yehi Pyar Hai),0dynHt8F4nhXiwolAdiLW5,0.749,0.566,11,-7.79,0,0.0752,0.39,0,0.0961,0.725,93.017,Jay Sean
243,Gangland,4UY2GSXlMHfrfvPbBdlRDv,0.746,0.914,4,-3.603,0,0.305,0.149,0,0.119,0.606,89.933,Mankirt Aulakh
244,Diamond,4mTfd3zSdxXR8PKUgQRjot,0.556,0.847,4,-3.118,0,0.251,0.18,0,0.352,0.606,172.181,Gurnam Bhullar
245,Prada,6wWxQMhQgOCbmQkdOGslT4,0.721,0.65,9,-5.426,0,0.0903,0.0361,0,0.358,0.502,156.008,Jass Manak
246,Sip Sip,3PKEWXIkFwSJnlGdhjivCP,0.708,0.904,5,-4.259,0,0.0632,0.1,0,0.269,0.96,180.022,Jasmine Sandlas
247,Baaki Baatein Peene Baad (Shots) (feat. Badshah),2RBkVQwpkDeYytMTQwjyTk,0.566,0.862,7,-6.02,0,0.105,0.0246,0,0.103,0.455,147.974,Arjun Kanungo
248,Titliaan,1980E4Grgu5xAhNbFZ1mb1,0.745,0.757,6,-2.572,1,0.0333,0.332,0,0.125,0.712,123.962,Afsana Khan
249,Naach Meri Rani,1orM67pmkNc4alrZkWjYkV,0.676,0.488,1,-5.091,1,0.154,0.0613,0,0.0707,0.151,97.036,Guru Randhawa
250,Ik Tera,57DhVYA7E1CyrE4OKuyLb7,0.826,0.712,11,-5.219,0,0.0727,0.095,0,0.105,0.49,93.029,Maninder Buttar
251,Khatam Hue Waande,3LlEnO0INKAExVe4JMi7p7,0.756,0.903,11,-2.088,0,0.14,0.232,0,0.0548,0.729,99.995,Emiway Bantai
252,Firse Machayenge (Remix),5c3wEyCcw1enilCGmC9czZ,0.719,0.759,3,-6.59,0,0.261,0.273,0,0.0516,0.925,100.212,Emiway Bantai
253,Mirchi,7zKzD5wM18bQSiJTAxTpwH,0.871,0.608,6,-5.486,1,0.4,0.142,0,0.0876,0.818,129.784,DIVINE
254,Bombay to Punjab,1xoQjCAP6a63tZXbsMziXk,0.584,0.739,0,-4.951,1,0.369,0.117,0,0.0534,0.361,200.105,Deep Jandu
255,Laare,7GfdU12uRL2xtSQcRXmqNN,0.384,0.658,7,-5.125,1,0.05,0.201,0,0.245,0.67,82.43,Maninder Buttar
256,Death Route,2Uik6DjW1n5CWbRNdZilV5,0.699,0.633,9,-6.733,0,0.139,0.397,0,0.0864,0.534,159.955,Sidhu Moose Wala
257,Manjha,0UZLaEOSIc5kg0cc7eszqC,0.524,0.515,11,-7.478,0,0.0427,0.674,0,0.104,0.368,169.882,Vishal Mishra
258,Laal Chunariya,4eArIrMsptXvjYgSKf6Nz4,0.695,0.592,11,-4.609,0,0.0447,0.487,0,0.167,0.672,95.02,Akull
259,Loca,10Hks1iBOnKIIhouOI4rrk,0.937,0.851,0,-3.81,1,0.0642,0.0251,0,0.0704,0.655,111.973,Yo Yo Honey Singh
260,Temporary Pyar,4ifLYULUrrrUHEgj15DNKx,0.639,0.735,2,-5.054,0,0.293,0.609,0,0.709,0.576,79.769,Kaka
261,Jatti da Crush,6fnEIzQqsrj0ZJ5kqe1ZCq,0.82,0.623,9,-6.859,1,0.0425,0.697,0,0.242,0.858,154.038,Kay Vee Singh
262,Chal Bombay,6AooRgSRDzbCYL4NZ4RCjU,0.862,0.619,6,-6.645,0,0.318,0.0434,0,0.117,0.512,95.036,DIVINE
263,First Kiss,1nhJF3mMAL9UgBz3vLLNuM,0.848,0.761,7,-2.467,0,0.0974,0.0779,0,0.0647,0.324,93.978,Yo Yo Honey Singh
264,Khairiyat,5O932cZmzOZGOGZz9RHx20,0.534,0.481,0,-9.016,0,0.0412,0.697,0,0.142,0.293,124.914,Pritam
265,Gf Bf,2nqW35XEeEI4HI8bDTcXFU,0.776,0.499,7,-6.89,0,0.0521,0.246,5.91E-05,0.18,0.463,93.989,Gurinder Seagal
266,Milo Na Tum,3XXWxfOUxY9L2R6vVpO05T,0.752,0.586,8,-6.526,1,0.0518,0.158,0.00651,0.253,0.3,92.009,Lata Mangeshkar
267,Milo Na Tum To Ham Ghabraye,0fTrtxsL3G2YcLTRLutqhY,0.448,0.46,2,-11.128,0,0.0543,0.771,0.000108,0.107,0.776,72.739,Lata Mangeshkar
268,Shona Shona,4OPlDG7JilNzoNfkH2ZRWy,0.851,0.82,9,-3.738,1,0.0718,0.328,5.68E-06,0.137,0.791,99.989,Tony Kakkar
269,Skechers (feat. Badshah),3sVNaAyatq9t7NwA675NPw,0.91,0.463,1,-7.532,1,0.0973,0.161,0.00021,0.0845,0.336,100.038,DripReport
270,Genda Phool (feat. Payal Dev),0gzu5mm36VJH2Zqu8sQPTf,0.955,0.538,1,-8.394,1,0.0734,0.132,0.00146,0.0704,0.837,116.977,Badshah
271,Liggi,4vwPirpSJCOiIsgxMV4Xcv,0.786,0.667,5,-8.272,1,0.054,0.0112,0.053,0.074,0.688,102.046,Ritviz
272,Zara Zara,1cBKMfO9pqwMhD2CdgiET7,0.647,0.524,2,-10.385,0,0.0448,0.873,3.02E-06,0.128,0.37,138.047,Omkar
273,Buttabomma - Telugu,0dnDTvdUco2UbaBjUtPxNS,0.666,0.644,11,-8.964,0,0.145,0.753,0.000262,0.124,0.89,115.1,Armaan Malik
274,Ye Tune Kya Kiya,2cPUB8EOT6AfJ8oxhyoNXL,0.578,0.798,7,-6.01,1,0.0699,0.58,0,0.111,0.728,91.96,Pritam
275,Tera Baap Aaya,22qqToXc5l7Wkh9GcVTcet,0.7,0.91,2,-4.993,1,0.193,0.139,1.26E-05,0.307,0.788,159.968,Farhad Bhiwandiwala
276,"BamBholle (From ""Laxmii"")",47Qb3mfcWF1qPuAVBvniDe,0.53,0.902,7,-5.13,1,0.127,0.013,0.002,0.129,0.0782,102.033,Ullumanati
277,Makhna,0ZHILXmUaVSLEOCWxPQ1ga,0.696,0.704,1,-7.876,1,0.0423,0.167,0,0.155,0.426,124.972,Tanishk Bagchi
278,Kehndi Haan Kehndi Naa,7jl8FKIm4v4RfaGXLEV0s6,0.671,0.664,0,-5.417,0,0.0473,0.27,0,0.131,0.688,100.055,Sukriti Kakar
279,Namo Namo,5QtQFSdyZEl0w4iDxAyv76,0.648,0.711,4,-6.216,1,0.0304,0.436,0,0.121,0.33,119.935,Amit Trivedi
280,Desi Kalakaar,7m4CgL81VVIHaaiSxyH922,0.751,0.67,0,-4.587,1,0.267,0.0796,0.00018,0.0908,0.766,156.062,Yo Yo Honey Singh
281,Manali Trance,3OZr3vo7SmYpn5XqeQEAOM,0.614,0.842,6,-4.109,1,0.0745,0.00814,1.33E-05,0.212,0.915,156.051,Yo Yo Honey Singh
282,"Lagdi Lahore Di (From ""Street Dancer 3D"")",5ZQnQnbUVtBO0pl3ShqVHG,0.786,0.797,6,-4.063,1,0.0414,0.233,0,0.0861,0.454,95.014,Guru Randhawa
283,"Mummy Nu Pasand (From ""Jai Mummy Di"")",74qF0JeFMVilMEeFDiQZ48,0.776,0.969,8,-0.079,0,0.105,0.0149,0.000153,0.352,0.802,94.018,Sunanda Sharma
284,Love Dose,1QZRCi2Z1DQQaR6bGAzhtN,0.843,0.768,11,-4.554,0,0.117,0.256,0,0.614,0.662,139.998,Yo Yo Honey Singh
285,Bhar Do Jholi Meri,52qnHAlqWpo3kgEteAPjRf,0.622,0.876,6,-5.952,0,0.12,0.232,0,0.144,0.796,110.019,Pritam
286,Roshni,4VDJJglEbqLva4mTz4ZnHV,0.566,0.576,6,-7.652,0,0.121,0.629,0,0.534,0.3,100.065,Sickflip
287,Lamberghini,0N8eNF7HSu4wlZFcmjLUxt,0.957,0.579,11,-7.257,1,0.0512,0.5,0,0.0737,0.856,103.981,The Doorbeen
288,Inkem Inkem Inkem Kaavaale,5JnXwEckWO0oFijOyTZDLf,0.811,0.537,4,-5.508,1,0.0478,0.412,1.30E-06,0.083,0.57,136.943,Sid Sriram
289,Kannamma,45THyhjDbYhNU7bDrTTUK6,0.729,0.695,1,-8.524,1,0.0312,0.522,0.000621,0.113,0.599,127.992,Sam C.S.
290,Wishlist (feat. Kaprila),39m83gjG1lNr7Un0dJndFw,0.771,0.687,8,-7.824,0,0.156,0.603,0,0.189,0.225,94.951,Dino James
291,Gulabi Aankhen,1ccZZf0IQi5y0bHMl2aGDF,0.636,0.647,0,-6.97,0,0.0436,0.422,0,0.251,0.44,105.914,Sanam
292,Roop Tera Mastana,3UQU1xGAfYokAofQ4KzJeN,0.724,0.648,7,-5.747,1,0.0541,0.498,1.26E-06,0.124,0.77,84.013,Sanam
293,Ek Raat,2jHicGSFIXm8dUdGz2wwzx,0.645,0.534,4,-5.428,0,0.0305,0.147,4.30E-06,0.0858,0.303,90.025,Vilen
294,Born to Shine,4XxfOvudrnBRdlgzEaq1sd,0.745,0.826,6,-4.339,0,0.0866,0.357,0,0.302,0.674,90.149,Diljit Dosanjh
295,Likhe Jo Khat Tujhe,5Mv7UmRWMUyQrOULQk3f39,0.834,0.335,0,-10.636,0,0.0376,0.556,7.47E-06,0.145,0.708,108.032,Sanam
296,Lut Gaye,2ufLEVbzvEcJ3subW8jBUp,0.638,0.785,10,-2.612,1,0.044,0.185,0,0.245,0.515,91.101,Jubin Nautiyal
297,Saiyaan Ji,39QJ7KkN3L8LLqQqsO85W1,0.896,0.678,0,-2.546,0,0.0815,0.0137,4.10E-05,0.11,0.604,130.024,Yo Yo Honey Singh
298,Khulke Jeene Ka,1XFZMenJ30FfGOsj8X5sqf,0.676,0.544,7,-10.893,1,0.0568,0.566,0,0.341,0.533,88.969,A.R. Rahman
299,"Besharam Bewaffa (From ""Jaani Ve"")",7F3SkHzIWil7U8OFuJ0cBD,0.368,0.787,7,-1.922,0,0.0439,0.09,0,0.697,0.216,88.328,B Praak
300,Baarish Ki Jaaye,4OQFlJOSID2AzpmOcuDlJl,0.524,0.765,3,-2.625,0,0.184,0.319,0,0.332,0.475,157.487,B Praak
301,"Pachtaoge (From ""Jaani Ve"")",5QVHNa0ppJUOoqSd36ovQS,0.515,0.691,5,-4.028,0,0.0344,0.624,0,0.121,0.484,169.521,Arijit Singh
302,"Nadiyon Paar (Let the Music Play Again) (From ""Roohi"")",2PEo8JQ48mfEv8a2HLqDvt,0.875,0.846,7,-5.276,1,0.0716,0.137,1.15E-05,0.123,0.697,114.981,Sachin-Jigar
303,Maacho,1L5jOr4vqumGibHTQtVwWq,0.821,0.55,7,-7.504,1,0.0675,0.0134,0.000801,0.122,0.737,128.052,A.R. Rahman
304,Urvashi Urvashi,6jhIHvt64qw5O8ViJSYzug,0.846,0.526,10,-9.786,1,0.0628,0.0542,1.70E-05,0.102,0.798,94.963,A.R. Rahman
305,Rowdy Baby,0Tm5ER6IrGfmW0yZ5lkQli,0.668,0.703,10,-8.192,0,0.199,0.281,0.0029,0.159,0.588,176.889,Yuvan Shankar Raja
306,"Psycho Saiyaan (From ""Saaho"")",2IbRKQwgiyvXY1yVq8GuA3,0.785,0.746,10,-2.672,0,0.149,0.0916,1.98E-05,0.121,0.864,189.988,Anirudh Ravichander
307,Tere Nainon Mein,3OhyYFXr9EDgQcOW1SqCKS,0.641,0.577,8,-8.331,0,0.0319,0.427,0,0.15,0.629,144.929,The Bilz & Kashif
308,Bilionera - Rino Aqua & Md DJ Official Remix,6jtAx68jIQDbCdzdgXOLED,0.806,0.662,3,-5.611,0,0.128,0.0102,9.62E-06,0.101,0.779,99.993,Otilia
309,Saranga Dariya,74IQCxI4nws964fic1Q4pv,0.676,0.8,7,-6.409,1,0.0516,0.143,0,0.602,0.654,107.501,Mangli
310,Masakali 2.0,0LtuveFgRP4lkksywmCtxV,0.772,0.748,10,-3.666,0,0.0444,0.0719,7.79E-06,0.0657,0.493,99.971,Tulsi Kumar
311,Firse Machayenge,7yDeGQmoagIPzWwftGFTdM,0.743,0.817,3,-5.017,0,0.232,0.272,0,0.0657,0.83,100.232,Emiway Bantai
312,"She Don't Know (From ""Blessed"")",1Wa7AxnMAtKOdlkx2NKeB0,0.735,0.872,1,-3.053,0,0.0398,0.58,0,0.541,0.833,101.995,Millind Gaba
313,Dilli Ki Ladki,6Rkctd3ROA2e9BB7AZEIRu,0.71,0.411,9,-10.782,1,0.179,0.665,0,0.102,0.621,75.004,Tanzeel Khan
314,Nira Ishq,0Id2IzhR3w50aP2PHfMUE3,0.703,0.609,11,-7.3,0,0.0444,0.111,0,0.0515,0.696,89.929,Guri
315,Thandi Hawa,47a8ZHfi1MYmiSVVdS7gId,0.618,0.555,1,-12.152,0,0.176,0.0566,0.0111,0.16,0.515,195.018,Ritviz
316,Sakhiyaan (Remix),51Vz0IbBW4oVAJ87dfjIK2,0.645,0.897,4,-3.801,1,0.0319,0.373,3.74E-05,0.246,0.524,98.065,Maninder Buttar
317,Yaarr Ni Milyaa,6N4TjPeZi4S9jpayOpRX2h,0.623,0.891,8,-3.374,1,0.0332,0.217,0,0.106,0.55,129.987,Harrdy Sandhu
318,Good Morning,5ajXGmJGBs1IOEgvsVmPWB,0.659,0.633,1,-5.343,1,0.0334,0.0621,0.0128,0.334,0.0752,125.939,All Ok
319,"Main Tera Boyfriend (From ""Raabta"")",5VAkPCJTE6tbyReo9J4IQj,0.84,0.914,11,-3.916,0,0.0613,0.0958,0,0.115,0.651,104.019,Arijit Singh
320,Dreamum Wakeupum,0FOniWOTfxWVJHncU9Dvst,0.778,0.618,9,-6.549,0,0.223,0.54,0.137,0.103,0.591,75.052,Sowmya Raoh
321,Emptiness,0hn1lhRCoTKN0XWKDqsZQZ,0.619,0.332,5,-13.864,1,0.0243,0.769,0.00551,0.069,0.645,83.023,Zodiac Wave
322,kangana tera ni,3SlYlIU9Owd2FVwQ5zeMEp,0.686,0.641,1,-4.696,0,0.0518,0.674,0,0.0562,0.596,89.994,Saakon
323,Patlamaya Devam (Remix),5vKdAlnrkFbAivD1844T8t,0.894,0.528,7,-8.389,1,0.147,0.0843,0,0.105,0.568,100.946,Isyan Tetick
324,Seeti Maar,5VayHAvzwBx4i87c1twFjS,0.794,0.894,10,-2.476,0,0.0411,0.00364,0.0113,0.139,0.547,124.97,Jaspreet Jasz
325,Abusadamente,5E3QsApmmSSn3iN683LoaO,0.642,0.838,1,-5.236,1,0.0415,0.163,0.115,0.678,0.523,127.993,Guaracha Aleteo Vip
326,"Bad Boy (From ""Saaho"")",5I3Xih0C2ID3fqngBrBbGv,0.892,0.848,8,-4.818,1,0.183,0.242,0.013,0.0992,0.523,105.013,Badshah
327,Gucci,7GG8loWh3JFsNtWGps6ALe,0.786,0.5,7,-5.707,0,0.0327,0.334,0,0.0956,0.381,99.994,Aroob Khan
328,Raat Jashan Di,1ssPaLKCYRbDOCTyds8GQp,0.409,0.915,9,-3.118,1,0.256,0.242,0,0.289,0.482,93,Yo Yo Honey Singh
329,Dil Ka Telephone,0i4r9oQAjxUlSVVp0ibNkx,0.812,0.859,5,-3.367,0,0.165,0.513,0,0.174,0.793,102.022,Meet Bros.
330,Chalo Chalein,6m0uNvHh5zG9FJmbxVxD1N,0.461,0.5,1,-9.828,1,0.0614,0.00245,0.03,0.116,0.572,76.176,Ritviz
